title,source,author,published_at,content_length,description_length,collection_date
Sumitomo Mitsui Doubles Down On India With Plan To Buy Stake In Yes Bank For $1.6 Billion,Forbes,"Jonathan Burgos, Forbes Staff, 
 Jonathan Burgos, Forbes Staff
 https://www.forbes.com/sites/jonathanburgos/",2025-05-10T13:33:21Z,214,217,2025-05-11 18:35:01
Parents outraged by trans film for kids at Museum of Natural History: ‘Should be off-limits’,New York Post,Doree Lewak,2025-05-10T13:33:09Z,214,221,2025-05-11 18:35:01
Measles outbreak in North Dakota prompts local health officials to quarantine unvaccinated schoolchildren - NewsBreak,Newsbreak.com,Deidre Mcphillips,2025-05-10T13:32:42Z,213,155,2025-05-11 18:35:01
"John Mulaney, Rock Hall of Fame Enthusiast, Breaks Down This Year’s Class — and Snubs!",Rolling Stone,Jason Newman,2025-05-10T13:32:15Z,215,150,2025-05-11 18:35:01
Tariffs could take the bloom off Mother’s Day flowers | CNN Business,CNN,Nayeli Jaramillo-Plata,2025-05-10T13:30:50Z,214,203,2025-05-11 18:35:01
"As reading scores fall, states turn to phonics — but not without a fight",Boston Herald,Tribune News Service,2025-05-10T13:30:44Z,214,89,2025-05-11 18:35:01
I’m A Psychologist Who Studies Couples — These 3 Habits Separate Strong Relationships From The Rest,Forbes,"Mark Travers, Contributor, 
 Mark Travers, Contributor
 https://www.forbes.com/sites/traversmark/",2025-05-10T13:30:17Z,214,153,2025-05-11 18:35:01
Saudi Arabia Eschews Formal BRICS Membership To Avoid Antagonizing US: Report,The Daily Hodl,Mehron Rokhy,2025-05-10T13:30:11Z,214,260,2025-05-11 18:35:01
Tonic Greens Complaints Investigated: 2025 User Reviews Tested & Verified,GlobeNewswire,TonicGreens,2025-05-10T13:30:00Z,215,260,2025-05-11 18:35:01
What Google’s largest-ever acquisition of an Israeli software company tells us about Big Tech’s complicity in genocide,Mondoweiss,Refaat Ibrahim,2025-05-10T13:30:00Z,214,217,2025-05-11 18:35:01
The Bananas We Eat Every Day Might Be Going Extinct — A Biologist Highlights An Impending Disaster,Forbes,"Scott Travers, Contributor, 
 Scott Travers, Contributor
 https://www.forbes.com/sites/scotttravers/",2025-05-10T13:30:00Z,214,106,2025-05-11 18:35:01
Your craving for sugar or caffeine and what it reveals of how you cope with stress,CNA,,2025-05-10T13:30:00Z,214,187,2025-05-11 18:35:01
AOC Warns Republicans Are ‘Robbing People’ to Pay for Billionaire Tax Cuts,Rolling Stone,Andrew Perez,2025-05-10T13:30:00Z,214,148,2025-05-11 18:35:01
State of Crypto: Mapping Out the Senate Stablecoin Bill's Next Steps,CoinDesk,Nikhilesh De,2025-05-10T13:30:00Z,214,84,2025-05-11 18:35:01
Manchester United Women Forced To Begin New UWCL Season In August,Forbes,"Asif Burhan, Contributor, 
 Asif Burhan, Contributor
 https://www.forbes.com/sites/asifburhan/",2025-05-10T13:28:59Z,214,170,2025-05-11 18:35:01
Shingles vaccine has unexpected effect on heart health - NewsBreak,Newsbreak.com,Melissa Rudy,2025-05-10T13:28:52Z,213,155,2025-05-11 18:35:01
An example of why we need mental health de-stigmatization,Substack.com,Danielle Donelson,2025-05-10T13:28:49Z,26,69,2025-05-11 18:35:01
“Banned” and Changed Characters Reported for Disney Resort as Tensions Grow,Inside the Magic,Thomas Hitchen,2025-05-10T13:28:42Z,214,260,2025-05-11 18:35:01
Assam: CM Himanta Biswa gives an account of pushback against illegal Bangladeshis,The Times of India,Bikash Singh,2025-05-10T13:28:23Z,214,260,2025-05-11 18:35:01
"He arrived there an ex-con and left a confident, long-haired cult leader",Isegoria.net,Isegoria,2025-05-10T13:27:49Z,215,260,2025-05-11 18:35:01
Taylor Swift to testify in court? Here's what the Blake Lively and Justin Baldoni lawsuit is all about,The Times of India,Global Desk,2025-05-10T13:27:17Z,214,260,2025-05-11 18:35:01
Analysts Have Been Trimming Their Alpha and Omega Semiconductor Limited (NASDAQ:AOSL) Price Target After Its Latest Report,Yahoo Entertainment,editorial-team@simplywallst.com (Simply Wall St),2025-05-10T13:26:52Z,214,122,2025-05-11 18:35:01
Solid Earnings Reflect Viavi Solutions' (NASDAQ:VIAV) Strength As A Business,Yahoo Entertainment,editorial-team@simplywallst.com (Simply Wall St),2025-05-10T13:26:08Z,214,118,2025-05-11 18:35:01
Health ministry investigates medicine shortage claims at Rundu hospital,Namibian,Mathew Palata,2025-05-10T13:25:43Z,214,151,2025-05-11 18:35:01
Ukraine Demands 30-Day Truce Backed by Allies Including US,Financial Post,Bloomberg News,2025-05-10T13:25:37Z,214,209,2025-05-11 18:35:01
Huawei is preparing to launch the Kirin X90 PC processor!,Gizchina.com,Abdullah Mustapha,2025-05-10T13:25:13Z,214,244,2025-05-11 18:35:01
Saturday links: opting out,Abnormalreturns.com,abnormalreturns,2025-05-10T13:23:55Z,214,119,2025-05-11 18:35:01
"Why Health Campaigns Keep Failing: Misinformation, AI, and the Generational Divide",Substack.com,Maia Romanowska,2025-05-10T13:23:41Z,66,94,2025-05-11 18:35:01
"US, China meet on Saturday to talk possible tariff de-escalation",WMUR Manchester,Jackie Defusco,2025-05-10T13:21:31Z,214,123,2025-05-11 18:35:01
‘Bringing Home the Bacon’: FDA Approves U.K. Biotech Company Plan to Produce Gene-Edited Pigs for U.S. Consumers,Freerepublic.com,America First Report,2025-05-10T13:21:09Z,214,260,2025-05-11 18:35:01
Why Pony AI Inc. (PONY) Skyrocketed This Week,Yahoo Entertainment,Angelica Ballesteros,2025-05-10T13:21:01Z,214,156,2025-05-11 18:35:01
"At Social Security, these are the days of the living dead",Boston Herald,Tribune News Service,2025-05-10T13:20:49Z,214,88,2025-05-11 18:35:01
"Peller’s Emotional Reaction Trends As Jarvis Gifts Him Diamond Watch, Chain on 20th Birthday",Latest News in Nigeria & Breaking Naija News 24/7 | LEGIT.NG,Shade Metibogun,2025-05-10T13:20:05Z,214,151,2025-05-11 18:35:01
No School Is Safe From Data Breaches. That's Why I Froze My Kids' Credit,CNET,Holly Johnson,2025-05-10T13:20:04Z,214,126,2025-05-11 18:35:01
One Of Kevin Costner's Best Sports Movies Was Rejected By Nearly Every Studio,/FILM,staff@slashfilm.com (Jeremy Smith),2025-05-10T13:20:00Z,214,158,2025-05-11 18:35:01
Alice in Chains Cancel Tour Due to Drummer’s ‘Medical Emergency’,Rolling Stone,Daniel Kreps,2025-05-10T13:19:48Z,214,156,2025-05-11 18:35:01
Heathrow warned it cannot afford a third runway,Biztoc.com,finance.yahoo.com,2025-05-10T13:19:38Z,213,260,2025-05-11 18:35:01
[Exclusive] Infinix GT DynaVue: a Prototype that could change everything!,Gizchina.com,Nick Papanikolopoulos,2025-05-10T13:19:19Z,214,260,2025-05-11 18:35:01
The ‘Magnificent Seven’ are back in the stock market’s driver’s seat — but are they still a buy?,Biztoc.com,marketwatch.com,2025-05-10T13:19:17Z,176,117,2025-05-11 18:35:01
"Unsophisticated Hackers A Critical Threat, US Government Warns",Forbes,"Davey Winder, Senior Contributor, 
 Davey Winder, Senior Contributor
 https://www.forbes.com/sites/daveywinder/",2025-05-10T13:18:22Z,214,157,2025-05-11 18:35:01
Best Telomere Supplement for Longevity: Advanced Support for Healthy Telomeres,GlobeNewswire,Advanced BioNutritionals,2025-05-10T13:18:00Z,215,260,2025-05-11 18:35:01
How Far in Advance Can I Book Business Class on United Airlines?,Gamedev.net,Jasonray,2025-05-10T13:16:22Z,214,260,2025-05-11 18:35:01
"Billion Dollar Airport Projects Face Inflation Cost Boosts, Report Says",Forbes,"Ted Reed, Senior Contributor, 
 Ted Reed, Senior Contributor
 https://www.forbes.com/sites/tedreed/",2025-05-10T13:16:09Z,214,158,2025-05-11 18:35:01
How to Use the United Airlines Customer Service to Book Business Class?,Gamedev.net,khalidarabi5,2025-05-10T13:15:39Z,214,260,2025-05-11 18:35:01
"These household items have gotten pricier since Trump's tariffs announcement, new report finds",CNBC,,2025-05-10T13:15:01Z,214,157,2025-05-11 18:35:01
How to Book a Round-Trip Business Class Ticket on United Airlines?,Gamedev.net,Davidjkale,2025-05-10T13:14:54Z,214,260,2025-05-11 18:35:01
Union Minister Sarbananda Sonowal conducts comprehensive review of key maritime projects,The Times of India,Bikash Singh,2025-05-10T13:14:33Z,214,260,2025-05-11 18:35:01
"Malnourished children, hospital supplies running low: Impact of 2 months of no aid in Gaza",ABC News,Mary Kekatos,2025-05-10T13:14:00Z,215,96,2025-05-11 18:35:01
Port: Tax the unvaccinated,INFORUM,Rob Port,2025-05-10T13:11:44Z,214,192,2025-05-11 18:35:01
Federal judge temporarily halts Trump's sweeping government overhaul,Freerepublic.com,NPR,2025-05-10T13:11:05Z,214,260,2025-05-11 18:35:01
Why China's J-10C 'Vigorous Dragon' fighter jet is having a moment,Business Insider,Rebecca Rommen,2025-05-10T13:10:38Z,214,148,2025-05-11 18:35:01
"Amazon Just Slashed the Price of This Ultra-Quiet Air Purifier, Now at an All-Time Low",Gizmodo.com,Gizmodo Deals,2025-05-10T13:10:16Z,214,116,2025-05-11 18:35:01
"Healthcare Digital Twins Market Size to Hit USD 6.80 Billion by 2032, growing at 25.7% CAGR, says Coherent Market Insights",GlobeNewswire,Coherent Market Insights Pvt. Ltd,2025-05-10T13:10:00Z,215,260,2025-05-11 18:35:01
The Library of the Apocalypse by Rati Mehrotra (audio),Clarkesworldmagazine.com,"Rati Mehrotra, Clarkesworld Magazine",2025-05-10T13:09:46Z,213,260,2025-05-11 18:35:01
Efficiency and Connection Are the Winning Combination for Leadership Success,Biztoc.com,inc.com,2025-05-10T13:08:17Z,141,87,2025-05-11 18:35:01
JSW Steel Welcomes Nikita Saxena as Digital Marketing,Pressroom.in,Press Room,2025-05-10T13:08:07Z,214,158,2025-05-11 18:35:01
"I helped my daughter get a job at my company after her college graduation. Sometimes, I regret it and wonder if I set her up for failure.",Business Insider,Jodi Webb,2025-05-10T13:07:01Z,214,149,2025-05-11 18:35:01
Soviet-era spacecraft plunges to Earth after 53 years stuck in orbit,WSLS 10,Marcia Dunn,2025-05-10T13:06:54Z,214,104,2025-05-11 18:35:01
Trump's trip to Saudi Arabia raises the prospect of US nuclear cooperation with the kingdom,WSLS 10,Ellen Knickmeyer,2025-05-10T13:06:54Z,214,141,2025-05-11 18:35:01
Yogi and Friends in 3D,NASA,,2025-05-10T13:06:00Z,214,260,2025-05-11 18:35:01
TestRX: The Most Trusted & Tested Testosterone Booster for Muscle Mass Gains in Men,GlobeNewswire,Leading Edge Health,2025-05-10T13:06:00Z,215,260,2025-05-11 18:35:01
Reality TV Is Better for Love on the Spectrum,Vulture,Joe Reid,2025-05-10T13:05:53Z,214,105,2025-05-11 18:35:01
"India and Pakistan avert war, agree to ceasefire, Trump announces",Boston Herald,Associated Press,2025-05-10T13:05:17Z,214,169,2025-05-11 18:35:01
10 best Android apps to feed your curiosity every day,Android Police,Anu Joy,2025-05-10T13:05:16Z,214,97,2025-05-11 18:35:01
Wellness the Kenyan way: 7 home diet tips that work - TV47 Digital,Tv47.digital,Susan Muli,2025-05-10T13:04:53Z,214,118,2025-05-11 18:35:01
Dated to dating! Modern motherhood is finally making it to the movies,The Times of India,Shruti Sonal,2025-05-10T13:03:36Z,214,222,2025-05-11 18:35:01
Mastering Black and White: Why You Should Shoot Monochrome,Fstoppers,Alex Cooke,2025-05-10T13:03:01Z,214,260,2025-05-11 18:35:01
Will Crypto Values Survive the Regulatory Wave?,Activistpost.com,Editor,2025-05-10T13:03:00Z,215,260,2025-05-11 18:35:01
Billy Joel's wife says singer's ‘health has to take priority’ after he postponed tour due to medical condition,Fox News,"Ashley Hume, Larry Fink",2025-05-10T13:00:55Z,214,200,2025-05-11 18:35:01
Air New Zealand has a solution to the airplane seat recline debate | CNN,CNN,Maureen O'hare,2025-05-10T13:00:51Z,214,206,2025-05-11 18:35:01
'Hugely Significant' Stone Circles in Scotland Suggest Early Human Arrival,ScienceAlert,Carly Cassella,2025-05-10T13:00:36Z,214,176,2025-05-11 18:35:01
Can The Fear Of Success Be The Mindset Block That’s Costing You Money?,Forbes,"Melissa Houston, Contributor, 
 Melissa Houston, Contributor
 https://www.forbes.com/sites/melissahouston/",2025-05-10T13:00:35Z,214,158,2025-05-11 18:35:01
Neurolearning: How The Brain's Ancient Storytelling Circuits Drive eLearning Success,Elearningindustry.com,Somnath Gupta,2025-05-10T13:00:31Z,215,260,2025-05-11 18:35:01
M4 MacBook Air (2025) Revisited: How Does It Hold Up After 2 Months,Geeky Gadgets,Roland Hutchinson,2025-05-10T13:00:23Z,214,260,2025-05-11 18:35:01
Alienware AW3425DW review: A QD-OLED legend reborn,XDA Developers,Jacob Roach,2025-05-10T13:00:18Z,215,108,2025-05-11 18:35:01
"Rob Rushing : Punk Rock Saves Lives, Mental Health, Community, & Punk Rock Bowling '25! 'The Hang!'",YouTube,,2025-05-10T13:00:06Z,134,110,2025-05-11 18:35:01
Nike's $900 Workout Shoes With Compression and Heating Launch Next Week,CNET,Corinne Reichert,2025-05-10T13:00:03Z,214,110,2025-05-11 18:35:01
"With foreign tourists boycotting the U.S., businesses brace for falling sales",CNBC,,2025-05-10T13:00:01Z,214,106,2025-05-11 18:35:01
"In Targeting Carried Interest, Republicans Sadly Only See The Success",Forbes,"John Tamny, Contributor, 
 John Tamny, Contributor
 https://www.forbes.com/sites/johntamny/",2025-05-10T13:00:01Z,214,172,2025-05-11 18:35:01
Nurses are the backbone of medicine—and they deserve better,Kevinmd.com,"Matthew Moeller, MD",2025-05-10T13:00:01Z,214,260,2025-05-11 18:35:01
"Even Starfield's community patch modders are growing 'disenchanted' with the sci-fi RPG, as volunteers depart in droves: 'If nobody comes forward, we may have to retire the project'",PC Gamer,Rick Lane,2025-05-10T13:00:00Z,214,59,2025-05-11 18:35:01
"Neither Rosa Parks nor her husband owned a car during the bus boycotts, according to historians",Snopes.com,Grace Deng,2025-05-10T13:00:00Z,214,147,2025-05-11 18:35:01
Looking for something to replace Duolingo? Try Headway book summary app.,Popular Science,Stack Commerce,2025-05-10T13:00:00Z,213,182,2025-05-11 18:35:01
The best 1980's animated films include one of my all-time favourites,Creative Bloq,James Clarke,2025-05-10T13:00:00Z,215,105,2025-05-11 18:35:01
Don't Ruin Your BBQ: 7 Foods You Should Never Grill,CNET,David Watsky,2025-05-10T13:00:00Z,214,135,2025-05-11 18:35:01
Tariffs Explained: What Trump's Import Taxes Mean for Your Costs,CNET,Thomas Kika,2025-05-10T13:00:00Z,215,127,2025-05-11 18:35:01
"California State University, Long Beach students go on hunger strike for Gaza",Mondoweiss,Abraham Márquez,2025-05-10T13:00:00Z,214,237,2025-05-11 18:35:01
The 36 Most-Anticipated New Movies of Summer 2025,Rolling Stone,David Fear,2025-05-10T13:00:00Z,215,151,2025-05-11 18:35:01
"Sinners, Thunderbolts*, and the Need to Rethink IMAX Releases",Den of Geek US,David Crow,2025-05-10T13:00:00Z,214,260,2025-05-11 18:35:01
How Mizzou signee Jack Lange built confidence through show choir,Rivals.com,Kenny Van Doren,2025-05-10T13:00:00Z,214,108,2025-05-11 18:35:01
4chan rises from the dead: How the imageboard moves crypto markets,Cointelegraph,Cointelegraph by Jonathan DeYoung,2025-05-10T13:00:00Z,214,260,2025-05-11 18:35:01
"Resident Evil 2 still deserves its high praise 27 years on, but how did it turn a one-off PS1 success into an unstoppable horror franchise juggernaut?",GamesRadar+,Martyn Carroll,2025-05-10T13:00:00Z,215,156,2025-05-11 18:35:01
"'She started to cry and asked me why': Dog owner concerned over canine's health at doggie daycare, they try to take him back and the employees start crying in response",Cheezburger.com,"Blake Seidel, Blake Seidel",2025-05-10T13:00:00Z,213,260,2025-05-11 18:35:01
"Best air purifiers for pet owners 2025: Remove pet dander, hair and odors",Live Science,"Tantse Walter, Anna Gora",2025-05-10T13:00:00Z,215,253,2025-05-11 18:35:01
"Trump Plans Deep Cuts to Interior Department, National Parks Service",Dianeravitch.net,dianeravitch,2025-05-10T13:00:00Z,214,260,2025-05-11 18:35:01
21 Banned Books That Have Sparked Controversy Over The Years,Forbes,"Sughnen Yongo, Contributor, 
 Sughnen Yongo, Contributor
 https://www.forbes.com/sites/sughnenyongo/",2025-05-10T13:00:00Z,215,145,2025-05-11 18:35:01
Sober Curious? 9 Non-Alcoholic Rosé Wines That Don’t Taste Like Sad Juice,Forbes,"Rachel King, Contributor, 
 Rachel King, Contributor
 https://www.forbes.com/sites/rachelking/",2025-05-10T13:00:00Z,214,135,2025-05-11 18:35:01
Want Help Paying Your Student Loans? These 10 Companies Offer Student Loan Perks,CNET,David McMillin,2025-05-10T13:00:00Z,214,117,2025-05-11 18:35:01
Girl athletes express fear over school district switching sports conferences to accommodate trans athletes,Fox News,Jackson Thompson,2025-05-09T23:58:36Z,214,152,2025-05-11 18:35:01
Home Invasions on the Rise: Constitution-Free Policing in Trump’s America,Activistpost.com,Editor,2025-05-09T23:57:00Z,215,260,2025-05-11 18:35:01
Report on Voting from the 2025 Annual Shareholders Meeting,Financial Post,GlobeNewswire,2025-05-09T23:56:45Z,214,260,2025-05-11 18:35:01
The Best Mutual Funds in Canada (and why you should avoid them),Milliondollarjourney.com,Kyle Prevost,2025-05-09T23:56:43Z,215,260,2025-05-11 18:35:01
Surrey mayor claims public deposits safe despite alleged $2.5-million fraud,CBC News,,2025-05-09T23:56:20Z,214,237,2025-05-11 18:35:01
Why Microchip Technology Inc. (MCHP) Soared On Friday,Yahoo Entertainment,Angelica Ballesteros,2025-05-09T23:55:52Z,214,154,2025-05-11 18:35:01
How World of Warcraft's add-on changes will affect the most popular mods,PC Gamer,Heather Newman,2025-05-09T23:55:24Z,214,32,2025-05-11 18:35:01
Imran Khan’s party files petition seeking his release from jail in view of tensions with India,Thehillstimes.in,The Hills Times,2025-05-09T23:55:00Z,214,260,2025-05-11 18:35:01
"FDA approves, expands 3 natural food colors after HHS plan to remove artificial dyes",KFSN-TV,Mary Kekatos,2025-05-09T23:53:45Z,214,139,2025-05-11 18:35:01
Tesla tells Model Y and Cybertruck workers to stay home for a week - Business Insider,Slashdot.org,feedfeeder,2025-05-09T23:52:36Z,116,85,2025-05-11 18:35:01
Jony Ive Can’t Save Us From the iPhone Addiction He Helped Create - Gizmodo,Slashdot.org,feedfeeder,2025-05-09T23:52:26Z,116,260,2025-05-11 18:35:01
Senator Grills OpenAI CEO on View that AI Could Eliminate Up to 70% of Jobs,pymnts.com,PYMNTS,2025-05-09T23:51:25Z,214,260,2025-05-11 18:35:01
'Sleazy': Columnist slams Trump family for 'no holds barred' grift over new presidency,Raw Story,Matthew Chapman,2025-05-09T23:51:20Z,214,260,2025-05-11 18:35:01
"Fed's Cook warns tariffs could lower productivity, feed inflation",Yahoo Entertainment,Howard Schneider,2025-05-09T23:50:34Z,214,152,2025-05-11 18:35:01
"Star Wars Has Finally Revealed The Canon Origins Of Its Best Bounty Hunter, But There's Still More I Want To See",Screen Rant,Sean Morrison,2025-05-09T23:50:18Z,214,150,2025-05-11 18:35:01
Royal Canadian Navy ship takes 'amazing' four month voyage to Antarctica and back,National Post,Chris Lambie,2025-05-09T23:48:57Z,214,127,2025-05-11 18:35:01
From treated to tragic: the deterioration of a killer,Theqldr.com.au,,2025-05-09T23:48:50Z,214,152,2025-05-11 18:35:01
We Think You Can Look Beyond Kucingko Berhad's (KLSE:KUCINGKO) Lackluster Earnings,Yahoo Entertainment,editorial-team@simplywallst.com (Simply Wall St),2025-05-09T23:47:14Z,214,119,2025-05-11 18:35:01
Anthropic can now track the bizarre inner workings of a large language model,Slashdot.org,tomatoguy,2025-05-09T23:46:06Z,214,260,2025-05-11 18:35:01
Trump Whisperers Steven Paul and Scott Karol on a Foreign-Made Film Tariff: ‘I Would Hope That Would Not Be the Final Takeaway’,Variety,Gmaddaus,2025-05-09T23:45:57Z,214,260,2025-05-11 18:35:01
Pembina Pipeline Corporation Reports Voting Results from 2025 Annual Meeting of Shareholders,Financial Post,Business Wire,2025-05-09T23:45:54Z,214,260,2025-05-11 18:35:01
Expansive Summertime Cannabis Products - Squier's Speciality Elixirs Launched a Large Product Range (TrendHunter.com),Trendhunter.com,Michael Hemsworth,2025-05-09T23:45:03Z,214,216,2025-05-11 18:35:01
"Jeff Bridges, 75, Admits He Has 'Memory Issues' Following Cancer and Covid Fights — As Legendary Actor Continues to Tackle His Bucket List",Radaronline.com,Bryan Brunati,2025-05-09T23:45:00Z,213,150,2025-05-11 18:35:01
"Cook, Opening Remarks on Productivity Dynamics",Federalreserve.gov,,2025-05-09T23:45:00Z,214,159,2025-05-11 18:35:01
[EU] Season of Discovery Hotfixes - 9 May,Bluetracker.gg,Blue Tracker,2025-05-09T23:44:33Z,216,260,2025-05-11 18:35:01
[US] Season of Discovery Hotfixes - May 9,Bluetracker.gg,Blue Tracker,2025-05-09T23:44:09Z,215,260,2025-05-11 18:35:01
"Hackers steal nearly 20k from small Houston business owner, leaving shop in limbo. How to prevent it",KPRC Click2Houston,Deven Clarke,2025-05-09T23:43:56Z,214,177,2025-05-11 18:35:01
[EU] The War Within Hotfixes - 9 May,Bluetracker.gg,Blue Tracker,2025-05-09T23:42:34Z,214,200,2025-05-11 18:35:01
[US] The War Within Hotfixes - May 9,Bluetracker.gg,Blue Tracker,2025-05-09T23:42:12Z,214,200,2025-05-11 18:35:01
Aenon Town Health Centre Reopened - Nationwide 90FM,Nationwideradiojm.com,Kara Powell,2025-05-09T23:41:22Z,214,260,2025-05-11 18:35:01
Karoline Leavitt SHUTS DOWN Reporters Accusing Trump of Profiting Off His Presidency – Slams Leftist Reporters for Not Questioning Biden’s Corruption (VIDEO),Thegatewaypundit.com,Jordan Conradson,2025-05-09T23:40:22Z,214,260,2025-05-11 18:35:01
"As U.S. surpasses 1,000 confirmed measles cases for 2025, what does that mean for Pennsylvania?",Pittsburgh Post-Gazette,Anya Sostek,2025-05-09T23:40:09Z,4,151,2025-05-11 18:35:01
Mindful Coffee Tracks Caffeine,Giveawayoftheday.com,,2025-05-09T23:39:45Z,214,164,2025-05-11 18:35:01
"Over 100 Amtrak employees involved in fraudulent insurance scheme, report finds",CBS News,Jared  Ochacher,2025-05-09T23:38:29Z,214,108,2025-05-11 18:35:01
Charles Barkley Keeps It Real About Stephen A. Smith’s Chances Of Becoming Next President,The Daily Caller,Andrew Powell,2025-05-09T23:38:12Z,214,157,2025-05-11 18:35:01
What does it take to increase birth rates? Experts say there’s no ‘magic’ solution,PBS,"Vivian Hoang, Hannah Grabenstein",2025-05-09T23:37:33Z,215,192,2025-05-11 18:35:01
WWE SmackDown Preview: Get Hyped Ahead of WWE Backlash,Bleeding Cool News,Chad McMahon,2025-05-09T23:37:07Z,214,258,2025-05-11 18:35:01
Annual Cinco de Mayo festival boosts the local business revenue,KETV Omaha,Madison Perales,2025-05-09T23:36:29Z,214,71,2025-05-11 18:35:01
"Coroner reveals Jeff Sperbeck, John Elway's former agent, cause of death following golf cart crash",Fox News,Chantz Martin,2025-05-09T23:36:23Z,214,164,2025-05-11 18:35:01
A Big Bet With A Bigger Payoff-How Costco Turned Kirkland Into An $86 Billion Brand By Going Against The Grain,Yahoo Entertainment,Eric McConnell,2025-05-09T23:35:18Z,214,156,2025-05-11 18:35:01
AbCellera Presents Positive Preclinical Data on ABCL575 at the 2025 SID Annual Meeting,Financial Post,Business Wire,2025-05-09T23:35:15Z,214,260,2025-05-11 18:35:01
Manitoba premier welcomes second child from Gaza in need of health care,Toronto Star,Steve Lambert The Canadian Press,2025-05-09T23:34:52Z,214,130,2025-05-11 18:35:01
Jony Ive’s next product is driven by the ‘unintended consequences’ of the iPhone - The Verge,Slashdot.org,feedfeeder,2025-05-09T23:34:49Z,116,260,2025-05-11 18:35:01
"[US] Hotfixes: May 9, 2025",Bluetracker.gg,Blue Tracker,2025-05-09T23:34:48Z,215,260,2025-05-11 18:35:01
"Donald Trump to announce US recognizes Palestinian state, Gulf diplomatic source claims",The Jerusalem Post,BY ALI HUSSAIN/THE MEDIA LINE,2025-05-09T23:34:33Z,214,191,2025-05-11 18:35:01
"Cher’s son Elijah Blue Allman disheveled with fake nail, sores at LA hotspot after singer sounded alarm on his ‘mental health’",New York Post,Connor Surmonte,2025-05-09T23:34:17Z,214,168,2025-05-11 18:35:01
"Cher’s son Elijah Blue Allman disheveled with fake nail, sores at LA hotspot after singer sounded alarm on his ‘mental health’",Newsbreak.com,Connor Surmonte,2025-05-09T23:34:17Z,214,154,2025-05-11 18:35:01
"Cher’s son Elijah Blue Allman disheveled with fake nail, sores at LA hotspot after singer sounded alarm on his ‘mental health’",Newsbreak.com,Connor Surmonte,2025-05-09T23:34:17Z,214,154,2025-05-11 18:35:01
"Hockey thriving in South Florida is ‘something that we always believed was possible,’ NHL’s Gary Bettman says",Sun Sentinel,Adam Lichtenstein,2025-05-09T23:34:00Z,214,260,2025-05-11 18:35:01
That Time Jason Momoa Canceled A Netflix Appearance While Naked In The Bathtub,CinemaBlend,Mike Reyes,2025-05-09T23:33:28Z,214,29,2025-05-11 18:35:01
"Welder's torch ignites fire, damaging Community Health South's cancer center",WISHTV.com,Gregg Montgomery,2025-05-09T23:33:03Z,214,126,2025-05-11 18:35:01
"Doctor, strategist weigh in as people voice concerns over Sen. John Fetterman's health, behavior",WFMZ Allentown,Bo Koltnow,2025-05-09T23:32:41Z,214,158,2025-05-11 18:35:01
'Policing in Nunavik is broken': Inuit group wants change after latest fatal shooting,National Observer,Sidhartha Banerjee,2025-05-09T23:31:38Z,214,195,2025-05-11 18:35:01
Saturday Is Jannik “Sinner Time” At The Italian Open,The Sports Daily,Wendi Oliveros,2025-05-09T23:29:36Z,214,194,2025-05-11 18:35:01
Pope Leo begins papacy amid high hopes and big challenges,CBS News,CBS News,2025-05-09T23:29:00Z,57,187,2025-05-11 18:35:01
Bitcoin & Freedom,Erickimphotography.com,ERIC KIM,2025-05-09T23:28:29Z,214,260,2025-05-11 18:35:01
Semenoll Under Review: Best Healthy Sperm Count & Semen Volume Quality to Support Enhanced Bedroom Performance,GlobeNewswire,Semenoll,2025-05-09T23:27:00Z,215,260,2025-05-11 18:35:01
"Anti-Theft Chocolate Bars - Hershey Collaborated with ADT to Create ""Unstealable"" Chocolate Bars (TrendHunter.com)",Trendhunter.com,Laura McQuarrie,2025-05-09T23:25:03Z,213,217,2025-05-11 18:35:01
'Baywatch' Legend David Hasselhoff 'Quietly Suffering and Using a Wheelchair' as Actor Tries to Hide Health Issues From Public — After Ex Wife Killed Herself,Radaronline.com,Daniel Gura,2025-05-09T23:25:00Z,213,132,2025-05-11 18:35:01
Investment Portfolio Feeling Stagnant? Transform Your Path Today,Stockcharts.com,Jayanthi Gopalakrishnan,2025-05-09T23:24:46Z,214,260,2025-05-11 18:35:01
Progressive journalist says Newsom must take 'accountability' for how he 'destroyed' California,Fox News,Alexander Hall,2025-05-09T23:24:38Z,214,161,2025-05-11 18:35:01
Alice in Chains Cancels Tour in Wake of Drummer's Health Issue,Ultimate Classic Rock,Corey Irwin,2025-05-09T23:23:45Z,214,98,2025-05-11 18:35:01
Gulf reports Q1 profits surge 28% to B5.3bn,Bangkok Post,Yuthana Praiwan,2025-05-09T23:23:00Z,214,206,2025-05-11 18:35:01
Small Business Spotlight: Country Roots,KFSN-TV,Vanessa Vasconcelos,2025-05-09T23:22:49Z,214,118,2025-05-11 18:35:01
Experts say the demand for mental health resources is growing,KETV Omaha,Maddie Augustine,2025-05-09T23:21:27Z,214,211,2025-05-11 18:35:01
"National Small Business Week 2025: Milwaukee Avenue Corridor in Chicago raises concerns over tariffs to Durbin, Ramirez",WLS-TV,Craig Wall,2025-05-09T23:20:28Z,214,134,2025-05-11 18:35:01
The Essential Guide to Mobile Advertising,Bizsugar.com,Linda Taylor,2025-05-09T23:19:58Z,215,210,2025-05-11 18:35:01
Activists Mark Luigi Mangione’s Birthday With Aerial Protest as Times Square Billboard on Jury Rights Explodes Online,GlobeNewswire,POPNYC,2025-05-09T23:18:00Z,214,123,2025-05-11 18:35:01
"Exclusive: Jim Harbaugh Talks Health Updates, Chargers Draft Picks, and 2025 NFL Goals",Newsweek,James Brizuela,2025-05-09T23:16:42Z,214,159,2025-05-11 18:35:01
"Leaks to media about Fetterman are a coordinated smear campaign, Hill colleagues say",Fox News,Charles Creitz,2025-05-09T23:16:17Z,214,172,2025-05-11 18:35:01
Healthy living with Northern Light Health: Stroke Awareness,WABI,Wabi News Desk,2025-05-09T23:16:03Z,212,80,2025-05-11 18:35:01
BitMart Research: MCP+AI Agent - New framework for AI applications,GlobeNewswire,BitMart Exchange,2025-05-09T23:15:00Z,215,260,2025-05-11 18:35:01
"Market At Key Levels, Eyes China Talks; Tesla, Palantir In Focus - Investor's Business Daily",Slashdot.org,feedfeeder,2025-05-09T23:14:53Z,116,260,2025-05-11 18:35:01
Ree Drummond shares her ‘game changer’ weight-loss plan after losing 55 pounds,TODAY,Gina Vivinetto,2025-05-09T23:14:20Z,214,103,2025-05-11 18:35:01
Disneyland’s Magic Key Drama Continues—But Here’s the Unexpected Turn Passholders Didn’t See Coming,Inside the Magic,Emmanuel Detres,2025-05-09T23:13:56Z,214,260,2025-05-11 18:35:01
Bill seeks to increase oversight of MaineCare transportation network,Maine Public,Kevin Miller,2025-05-09T23:13:30Z,214,238,2025-05-11 18:35:01
Ultra K9 Pro Under Review: Best Liquid Pet Supplement with Primal Nutrients for Dog Gut Health,GlobeNewswire,Ultra K9 Pro,2025-05-09T23:13:00Z,215,260,2025-05-11 18:35:01
Valis - Kief Science Session,Dnbradio.com,"Valis via dnbradio.com, webmaster@dnbradio.com (DNBRadio)",2025-05-09T23:12:37Z,213,49,2025-05-11 18:35:01
Bouqs' next-day flower delivery is 20% off for Mother's Day — Score the deal's final hours,Business Insider,ssaril@insider.com (Sarah Saril),2025-05-09T23:12:26Z,214,112,2025-05-11 18:35:01
Tariff hikes to have far-reaching hit: Bank of Thailand,Bangkok Post,Somruedi Banchongduang,2025-05-09T23:12:00Z,214,194,2025-05-11 18:35:01
Tariff hikes to have far-reaching hit: BoT,Bangkok Post,Somruedi Banchongduang,2025-05-09T23:12:00Z,214,194,2025-05-11 18:35:01
The Best New Hip-Hop This Week,UPROXX,Aaron Williams,2025-05-09T23:10:40Z,214,126,2025-05-11 18:35:01
Disturbing footage shows Cher’s son Elijah Blue Allman in shambles outside LA hotspot amid addiction battle,Page Six,Audrey Rock,2025-05-09T23:10:24Z,214,108,2025-05-11 18:35:01
REPORT: Man With History Of Domestic Violence Allegedly Stabs Woman. Company Paired Them Up As Roommates Randomly,The Daily Caller,Fiona McLoughlin,2025-05-09T23:10:09Z,214,125,2025-05-11 18:35:01
"""Spreading Like Wildfire"": Over 1,000 Measles Cases Reported In US",NDTV News,Agence France-Presse,2025-05-09T23:10:08Z,214,240,2025-05-11 18:35:01
JD Vance’s India-Pakistan remarks could be an unwitting gift to China,MSNBC,Nayyera Haq,2025-05-09T23:09:51Z,214,143,2025-05-11 18:35:01
"Al B. Sure Testifying at Diddy Trial, Blames Him for Kim Porter's Death",TMZ,TMZ Staff,2025-05-09T23:09:40Z,214,255,2025-05-11 18:35:01
The EPA Is a Prime Candidate for Reform by the Trump Administration,Freerepublic.com,Reason,2025-05-09T23:07:50Z,214,260,2025-05-11 18:35:01
Brazilian court reverses course and now demands iPhone sideloading within 90 days,9to5Mac,Marcus Mendes,2025-05-09T23:06:00Z,214,260,2025-05-11 18:35:01
"VCU to raise tuition 2.5% next fall to pay for costs, investments",Richmond.com,ERIC KOLENICH Richmond Times-Dispatch,2025-05-09T23:05:00Z,214,138,2025-05-11 18:35:01
"GoldenEye 007, Tamagotchi, Quake Blast Into Video Game Hall of Fame For 2025",CNET,Nelson Aguilar,2025-05-09T23:05:00Z,214,142,2025-05-11 18:35:01
Group of mothers urge govt to crack down on digital promotion of nicotine products,Thehillstimes.in,The Hills Times,2025-05-09T23:05:00Z,214,260,2025-05-11 18:35:01
Star gymnast Simone Biles donates her Kentucky Derby hats to charity auction,WLWT Cincinnati,Matthew Dietz,2025-05-09T23:04:30Z,213,130,2025-05-11 18:35:01
"Analysis-China and the US to talk trade war ceasefire, not peace",Yahoo Entertainment,Laurie Chen and David Lawder,2025-05-09T23:03:35Z,214,160,2025-05-11 18:35:01
Prince Harry: King Charles comments have royal experts concerned for Duke of Sussex’s mental health,Thenightly.com.au,The Nightly,2025-05-09T23:03:19Z,214,185,2025-05-11 18:35:01
The Ethics Code Showdown,TheStranger.com,Marcus Harrison Green,2025-05-09T23:03:00Z,215,260,2025-05-11 18:35:01
Polish model lied about Weinstein sex assault as part of cash-grab scheme to escape abusive ex: Harvey’s lawyer,New York Post,"Jack Morphet, Kyle Schnitzer, Priscilla DeGregory",2025-05-09T23:00:51Z,214,161,2025-05-11 18:35:01
US Banks Get Crypto Boost As OCC Confirms Service Approval,Bitcoinist,Christian Encila,2025-05-09T23:00:51Z,214,260,2025-05-11 18:35:01
"Jackie Chan, 71, reveals when he’ll retire — and what he’ll keep doing until then: ‘It’s who I am’",New York Post,Connor Surmonte,2025-05-07T23:59:09Z,214,57,2025-05-11 18:35:01
"CORRECTION: Active Impact Investments closes its third fund, adding $110 million in dry powder for climate tech",Financial Post,GlobeNewswire,2025-05-07T23:59:00Z,214,260,2025-05-11 18:35:01
Popular vodka and gin brand files for Chapter 11 bankruptcy,Biztoc.com,thestreet.com,2025-05-07T23:58:18Z,213,260,2025-05-11 18:35:01
UK Wealth Fund Pledges £600 Million to Iberdrola to Upgrade Grid,Financial Post,Bloomberg News,2025-05-07T23:58:09Z,214,232,2025-05-11 18:35:01
"Arm tops $1B quarterly sales milestone, but its stock falls on soft guidance",SiliconANGLE News,Mike Wheatley,2025-05-07T23:57:53Z,214,260,2025-05-11 18:35:01
"CORRECTION: Active Impact Investments closes its third fund, adding $110 million in dry powder for climate tech",GlobeNewswire,Active Impact Investments,2025-05-07T23:57:00Z,214,151,2025-05-11 18:35:01
3 Doors Down singer Brad Arnold reveals stage 4 cancer diagnosis,Entertainment Weekly,Raechal Shewfelt,2025-05-07T23:55:13Z,214,147,2025-05-11 18:35:01
Stuttered start for NW200 as action gets underway on track,Mcnews.com.au,Trev,2025-05-07T23:54:55Z,215,260,2025-05-11 18:35:01
Trump picks wellness influencer Casey Means as US Surgeon General,New Zealand Herald,,2025-05-07T23:54:49Z,214,84,2025-05-11 18:35:01
"Over 30% Girls, 13% Boys In India Sexually Violated Before Age 18: Report",NDTV News,Press Trust of India,2025-05-07T23:54:02Z,214,181,2025-05-11 18:35:01
Sunrise host Nat Barr weighs in on smacking debate as Queensland pushes to outlaw the violent act,7NEWS.com.au,Caleb Taylor,2025-05-07T23:53:22Z,214,109,2025-05-11 18:35:01
Sigma Announces US Price Adjustments,Provideocoalition.com,Michelle DeLateur,2025-05-07T23:52:49Z,214,260,2025-05-11 18:35:01
Sen. Cruz Introduces 'RESTORE Act' to Rectify Military Vaccine Mandates,Breitbart News,Olivia Rondeau,2025-05-07T23:51:26Z,214,136,2025-05-11 18:35:01
"More Maine schools ban transgender athletes from girls sports, defying Dem leadership and siding with Trump",Fox News,Jackson Thompson,2025-05-07T23:50:18Z,214,135,2025-05-11 18:35:01
The Rise of the Humanoid Robotic Machines Is Nearing.,Forbes,"Chuck Brooks, Contributor, 
 Chuck Brooks, Contributor
 https://www.forbes.com/sites/cognitiveworld/people/chuckbrooks/",2025-05-07T23:49:19Z,214,163,2025-05-11 18:35:01
Experts Warn Fed Remarks Show Trump Policies Brewing 'Perfect Storm for a Recession',Common Dreams,Jessica Corbett,2025-05-07T23:49:06Z,214,260,2025-05-11 18:35:01
Dandadan’s New Movie Releases First Look at English Dub Trailer: Watch,ComicBook.com,Misael Duran,2025-05-07T23:49:04Z,214,260,2025-05-11 18:35:01
Ex-model takes the stand in Harvey Weinstein’s retrial. The prior jury never heard about her | CNN,CNN,The Associated Press,2025-05-07T23:48:45Z,214,234,2025-05-11 18:35:01
Fortinet stock slips as soft outlook overshadows earnings beat,SiliconANGLE News,Duncan Riley,2025-05-07T23:48:00Z,214,260,2025-05-11 18:35:01
Fortinet stock slips as earnings beat is overshadowed by soft outlook,SiliconANGLE News,Duncan Riley,2025-05-07T23:48:00Z,214,260,2025-05-11 18:35:01
Laem Chabang Port upgrade okayed,Bangkok Post,Wichit Chantanusornsiri,2025-05-07T23:48:00Z,214,237,2025-05-11 18:35:01
How Lost Radar and Silent Radios Have Upended Newark Air Travel,Biztoc.com,nytimes.com,2025-05-07T23:47:33Z,213,256,2025-05-11 18:35:01
Canned beans recalled in 23 states over 'life-threatening' health risk,Biztoc.com,dailymail.co.uk,2025-05-07T23:47:32Z,213,260,2025-05-11 18:35:01
Canned beans recalled in 23 states over 'life-threatening' health risk,Biztoc.com,dailymail.co.uk,2025-05-07T23:47:32Z,213,260,2025-05-11 18:35:01
Claim Can Go Forward Against American Publisher That Allegedly Knew Knew Author It Paid Was Hamas Hostage-Holder,Reason,Eugene Volokh,2025-05-07T23:47:00Z,214,153,2025-05-11 18:35:01
Rural health documentary earns Peabody Award for Georgia Southern professor,Griceconnect.com,Email Share,2025-05-07T23:46:30Z,214,173,2025-05-11 18:35:01
"As CBS Confirms When Watson Will Return For Season 2, The Showrunner And Star Talk Getting To 'Go Bang' With The Life-Or-Death Finale",CinemaBlend,Laura Hurley,2025-05-07T23:46:29Z,214,98,2025-05-11 18:35:01
"Mercado Pago Surges With Digital Accounts, Credit Growth in Q1",pymnts.com,PYMNTS,2025-05-07T23:46:17Z,214,260,2025-05-11 18:35:01
"Energy Star, efficiency program that has steered consumer choice, targeted in cuts",NPR,The Associated Press,2025-05-07T23:46:01Z,214,246,2025-05-11 18:35:01
"After an Arizona man was shot, an AI video of him addresses his killer in court",Freerepublic.com,NPR,2025-05-07T23:45:27Z,214,260,2025-05-11 18:35:01
"As White-Collar Workers Lose Jobs, Franchisors Go On Tour, Offering An Alternative To Traditional Employment",Forbes,"Elaine Pofeldt, Senior Contributor, 
 Elaine Pofeldt, Senior Contributor
 https://www.forbes.com/sites/elainepofeldt/",2025-05-07T23:45:21Z,214,85,2025-05-11 18:35:01
Yggdrasil is an experimental compact routing scheme that is fully decentralised,Github.io,,2025-05-07T23:45:10Z,214,54,2025-05-11 18:35:01
A 'Trump Card Visa' Is Already Showing Up in Immigration Forms (Wired),Memeorandum.com,,2025-05-07T23:45:00Z,212,260,2025-05-11 18:35:01
Prince Harry's Family Can 'Forgive' But Can't 'Forget' — The Duke and Wife Meghan Markle Are Being Snubbed By Royals Despite Emotional Plea For 'Reconciliation',Radaronline.com,Haley Gunn,2025-05-07T23:45:00Z,213,128,2025-05-11 18:35:01
Trump taps wellness influencer Dr. Casey Means for surgeon general,New York Daily News,Associated Press,2025-05-07T23:44:22Z,214,150,2025-05-11 18:35:01
CBD Turmeric Drops - HerbOrder's Orange Drops Offer Targeted Wellness Support (TrendHunter.com),Trendhunter.com,Georgia Wray Norsten,2025-05-07T23:44:04Z,213,211,2025-05-11 18:35:01
Patricia Clarkson Recalls Harvey Weinstein Telling Her She’d “Never Work Again”,Deadline,Glenn Garner,2025-05-07T23:43:12Z,214,260,2025-05-11 18:35:01
‘Most corrupt presidency’: Critics say Trump admin acting as Musk’s Starlink ‘sales force’,Raw Story,"David Badash, The New Civil Rights Movement",2025-05-07T23:42:21Z,214,260,2025-05-11 18:35:01
Bella Ramsey Says Fear Of Vomiting Kept Them From Leaving The House For Months,HuffPost,Jazmin Tolliver,2025-05-07T23:40:30Z,214,94,2025-05-11 18:35:01
$2.8 billion House v. NCAA settlement hangs in balance as attorneys file brief to address roster-limit concern,CBS Sports,Brandon Marcello,2025-05-07T23:40:15Z,214,79,2025-05-11 18:35:01
Google To Fund Development of Three Nuclear Power Sites,Slashdot.org,BeauHD,2025-05-07T23:40:00Z,214,260,2025-05-11 18:35:01
ANZ New Zealand result: First-half profit edges up to $1.16 billion,New Zealand Herald,Jamie Gray,2025-05-07T23:39:01Z,214,86,2025-05-11 18:35:01
Enerflex Ltd. Announces Voting Results of The Annual Meeting of Shareholders,Financial Post,GlobeNewswire,2025-05-07T23:38:40Z,214,260,2025-05-11 18:35:01
Why did the Fed hold rates steady?,CBS News,CBS News,2025-05-07T23:38:00Z,57,203,2025-05-11 18:35:01
Court clash between Meta and NSO ends in $168 million defeat for Israeli spyware firm,Haaretz,Reuters,2025-05-07T23:38:00Z,214,130,2025-05-11 18:35:01
REQ: Bogren Digital Ampknob BDM Bundle,Audioz.download,eightieskid,2025-05-07T23:37:38Z,214,260,2025-05-11 18:35:01
Earth's satellite wars mean a perilous future for space and humanity...,The-independent.com,Julia Musto,2025-05-07T23:37:37Z,214,123,2025-05-11 18:35:01
"Sources: DOGE plans to build a centralized database with troves of personal information about millions of US residents, sometimes bypassing security protocols",Biztoc.com,washingtonpost.com,2025-05-07T23:36:36Z,214,0,2025-05-11 18:35:01
"Alibaba partners with RedNote, also known as Xiaohongshu, to allow users on RedNote to directly click on product links to shop on Alibaba's Taobao platform",Biztoc.com,reuters.com,2025-05-07T23:36:22Z,213,0,2025-05-11 18:35:01
"Amazon is selling an 'outstanding' $160 smartwatch for only $25, and shoppers call it 'beautiful and functional'",Biztoc.com,thestreet.com,2025-05-07T23:36:15Z,213,260,2025-05-11 18:35:01
Scientists Discovered a Cannabis Compound Inside a Totally Different Plant,ScienceAlert,AFP,2025-05-07T23:35:07Z,214,182,2025-05-11 18:35:01
"Select Locations: Samsung WAD 4K Android Interactive Display: 65"" $1748 or 86"" $2500 + Free Shipping",Slickdeals.net,Eragorn,2025-05-07T23:34:52Z,213,191,2025-05-11 18:35:01
Dem Rep Argues Taxpayer-Funded Health Care for Illegals Benefits Everyone,Twitchy.com,Brett T.,2025-05-07T23:34:46Z,214,84,2025-05-11 18:35:01
"Scarlett Johansson Has Been On Movie Sets Since Age 9. Someone Asked Her About The '10,000 Hours' It Takes To Become An Expert At A Craft, And She Did Not Hold Back",CinemaBlend,Riley Utley,2025-05-07T23:33:16Z,214,26,2025-05-11 18:35:01
"Pebble's $110,000 electric self-hitching trailer goes into production",New Atlas,Abhimanyu Ghoshal,2025-05-07T23:33:15Z,214,260,2025-05-11 18:35:01
Mid-Term Vote Holds Key to Philippines Riding Out Tariff-Linked Risks,Financial Post,Bloomberg News,2025-05-07T23:32:38Z,214,197,2025-05-11 18:35:01
Fed Sees Rising Risks To Economy As It Leaves Rates Unchanged,HuffPost,Reuters,2025-05-07T23:30:52Z,214,115,2025-05-11 18:35:01
10 foods for brain growth and memory for children,The Times of India,etimes.in,2025-05-07T23:30:00Z,212,171,2025-05-11 18:35:01
Veteran who lost three brothers in WW2 hopes VE Day offers people the chance to 'learn from history',Sky.com,Rhiannon Mills,2025-05-07T23:30:00Z,214,236,2025-05-11 18:35:01
"Calibre Reports Q1 Financial and Production Results; Valentine Advances Toward Gold Production in Q3, Setting Up for Significant Growth; Calibre Mining & Equinox Gold Merger Anticipated to Close During Q2, 2025",GlobeNewswire,Calibre Mining Corp.,2025-05-07T23:30:00Z,215,260,2025-05-11 18:35:01
7 signs your kidneys are crying for help (even before you get tested),The Times of India,ETimes.in,2025-05-07T23:30:00Z,213,260,2025-05-11 18:35:01
Master Website Optimization Using StoryBrand Principles Now! — Sean Garner Consulting | Marketing Agency & Certified StoryBrand Guide,Seangarner.co,Sean Garner,2025-05-07T23:28:41Z,214,159,2025-05-11 18:35:01
"After that 2024 Windows fiasco, CrowdStrike has a plan – jobs cuts, leaning on AI",Theregister.com,Thomas Claburn,2025-05-07T23:28:26Z,214,260,2025-05-11 18:35:01
What We Know About Casey Means—Trump’s New Nomination For Surgeon General,Forbes,"Antonio Pequeño IV, Forbes Staff, 
 Antonio Pequeño IV, Forbes Staff
 https://www.forbes.com/sites/antoniopequenoiv/",2025-05-07T23:26:55Z,214,126,2025-05-11 18:35:01
‘Fraudulent woo merchant’: Internet stunned as Trump swaps pick for top health role,Raw Story,Erik De La Garza,2025-05-07T23:26:05Z,214,260,2025-05-11 18:35:01
Trump Nominates MAHA-Aligned Dr. Casey Means As Surgeon General,Biztoc.com,zerohedge.com,2025-05-07T23:25:27Z,213,260,2025-05-11 18:35:01
"Video
How tariffs are straining a black-owned small business
4:41",Biztoc.com,edition.cnn.com,2025-05-07T23:25:06Z,213,0,2025-05-11 18:35:01
"Coronavirus Likely Was Moved by Wildlife, Research Shows",Newser,Bob Cronin,2025-05-07T23:25:04Z,214,260,2025-05-11 18:35:01
Snowflake Inc. (NYSE:SNOW): Offering Sustained Growth and Lucrative Returns,Yahoo Entertainment,Soumyajit Datta,2025-05-07T23:23:42Z,214,157,2025-05-11 18:35:01
Official Images Of The Air Jordan 4 “White Cement”,Sneaker News,Sneaker News,2025-05-07T23:23:22Z,214,260,2025-05-11 18:35:01
Driven by enthusiasm not duty,Erickimphotography.com,ERIC KIM,2025-05-07T23:23:07Z,214,260,2025-05-11 18:35:01
Family of teen who battled gastrointestinal illness believe he caught it at South Tampa Japanese restaurant,FOX 13 Tampa Bay,Aaron Mesmer,2025-05-07T23:22:56Z,214,240,2025-05-11 18:35:01
⚒️ The Business Growth & Brand Building Blueprint (FREE Download),Justcreative.com,Jacob Cass,2025-05-07T23:22:42Z,214,207,2025-05-11 18:35:01
Why Solar Alone Isn’t Enough: What Spain’s Blackout Revealed About the Energy Transition,Energycentral.com,[Energy Central] Tom Raftery,2025-05-07T23:20:41Z,214,260,2025-05-11 18:35:01
Is Kansas Now the Mecca of Hydrogen?,Energycentral.com,[Energy Central] Tony Paradiso,2025-05-07T23:20:41Z,214,254,2025-05-11 18:35:01
Minnesota Senate passes human services budget with nearly $300 million in cuts,Minnesotareformer.com,Madison McVan,2025-05-07T23:20:19Z,214,156,2025-05-11 18:35:01
"One of Samsung's Best 65"" 4K OLED TVs Just Dropped to a New Price Low",IGN,Eric Song,2025-05-07T23:20:00Z,214,70,2025-05-11 18:35:01
Western Forest Products Inc. Announces Results of Annual General and Special Meeting of Shareholders,Financial Post,GlobeNewswire,2025-05-07T23:18:32Z,214,260,2025-05-11 18:35:01
"Audiobooks: In Q1: Storytel Has 2.5+ Million Subscribers, New Management",Publishingperspectives.com,Porter Anderson,2025-05-07T23:18:15Z,214,229,2025-05-11 18:35:01
It is time for women to run the Israeli government,The Jerusalem Post,BY SHERWIN POMERANTZ,2025-05-07T23:17:06Z,214,150,2025-05-11 18:35:01
Very important open letter to WorldNetDaily readers,Wnd.com,David Kupelian,2025-05-07T23:16:54Z,215,76,2025-05-11 18:35:01
A transparent market will enhance Haifa Bayport in delivering more benefits to Israelis,The Jerusalem Post,BY XIAO JUNZHENG,2025-05-07T23:16:52Z,214,148,2025-05-11 18:35:01
"Robinhood reportedly considering Solana, Arbitrum for new blockchain securities platform in Europe",CryptoSlate,Gino Matos,2025-05-07T23:16:51Z,214,260,2025-05-11 18:35:01
"Panasonic CP+2025 Interview: Micro Four Thirds insights, Full-Frame Strategy, and LUMIX Lab",imaging resource,,2025-05-07T23:16:42Z,215,260,2025-05-11 18:35:01
"Stock market today: Dow, S&P 500, Nasdaq futures rise as Trump touts 'major' US-UK trade deal",Yahoo Entertainment,Amalya Dubrovsky,2025-05-07T23:16:41Z,214,124,2025-05-11 18:35:01
Keilini TalkEase Earbuds Translator Under Review: Professional TWS Real-Time Translation Device,GlobeNewswire,Keilini TalkEase,2025-05-07T23:16:00Z,215,260,2025-05-11 18:35:01
Western Forest Products Inc. Announces Results of Annual General and Special Meeting of Shareholders,GlobeNewswire,Western Forest Products Inc.,2025-05-07T23:16:00Z,214,260,2025-05-11 18:35:01
VE Day boost for veterans’ healthcare,Www.gov.uk,Department of Health and Social Care,2025-05-07T23:15:03Z,214,118,2025-05-11 18:35:01
Far North Council seeks smokefree policy amid vaping health concerns,New Zealand Herald,Yolisa Tswanya,2025-05-07T23:14:54Z,214,82,2025-05-11 18:35:01
How a social network is bringing people together in increasingly divisive times,Biztoc.com,pbs.org,2025-05-07T23:14:23Z,213,260,2025-05-11 18:35:01
"3 Doors Down Frontman Brad Arnold Reveals Stage 4 Cancer Diagnosis, Cancels Summer Tour",TheWrap,Benjamin Lindsay,2025-05-07T23:14:22Z,214,253,2025-05-11 18:35:01
"Influencer Bran Flakezz Breaks Down His $768,000 Content Creation Salary",Us Weekly,Ryan Hudgins,2025-05-07T23:13:10Z,214,260,2025-05-11 18:35:01
'See the pain in peoples’ eyes': Texas law risks lives based on patient's address,Raw Story,"Kavitha Surana, ProPublica",2025-05-07T23:12:15Z,215,260,2025-05-11 18:35:01
NZ Rugby’s financial woes continue with $19.5m loss in 2024,New Zealand Herald,Gregor Paul,2025-05-07T23:11:05Z,215,62,2025-05-11 18:35:01
"Energy CEOs ask Carney to scrap emissions cap, industrial carbon pricing",National Observer,Nick Murray,2025-05-07T23:11:04Z,214,181,2025-05-11 18:35:01
Ex-worker of accused sex cult OneTaste tells jurors she was expected to orgasm ‘with anybody off the street’,New York Post,Priscilla DeGregory,2025-05-07T23:10:48Z,214,124,2025-05-11 18:35:01
Breitbart Business Digest: Trump's Tax Cuts Won't Drive Up the Trade Deficit,Breitbart News,"John Carney, John Carney",2025-05-07T23:10:45Z,214,220,2025-05-11 18:35:01
EndoPump Under Review: The Best Kept Secret for Stamina & Virility in Men,GlobeNewswire,EndoPump,2025-05-05T23:59:00Z,215,260,2025-05-11 18:35:01
Google is getting into the film-making business to promote a more positive view of tech,SiliconANGLE News,Mike Wheatley,2025-05-05T23:58:25Z,214,260,2025-05-11 18:35:01
India worried about Chinese 'dumping' as trade tensions with Trump escalate,BBC News,,2025-05-05T23:58:02Z,214,98,2025-05-11 18:35:01
Phone app Mike Waltz was photographed using is investigating a hack | CNN Politics,CNN,Sean Lyngaas,2025-05-05T23:57:18Z,214,260,2025-05-11 18:35:01
The 2025 Met Gala’s Tailored for You Theme Winners: Who Did It Best?,Vanity Fair,"Maggie Coughlan, Kia D. Goosby",2025-05-05T23:55:53Z,214,142,2025-05-11 18:35:01
Met Gala 2025: The top toots of the blue carpet – from Colman Domingo to Chappell Roan,Thepinknews.com,Charlie Duncan,2025-05-05T23:55:33Z,214,260,2025-05-11 18:35:01
"Mineros S.A. Hires New Vice President, Technical Services, Business Development and Strategy",Financial Post,Business Wire,2025-05-05T23:54:41Z,214,260,2025-05-11 18:35:01
Slate Grocery REIT Reports First Quarter 2025 Results,Financial Post,Business Wire,2025-05-05T23:54:35Z,215,260,2025-05-11 18:35:01
Companies Like Compugates Holdings Berhad (KLSE:COMPUGT) Are In A Position To Invest In Growth,Yahoo Entertainment,editorial-team@simplywallst.com (Simply Wall St),2025-05-05T23:53:29Z,214,120,2025-05-11 18:35:01
Police suicide epidemic continues to grip Long Island as cops confirm body found on Nassau beach — believed to be retired NYPD officer,New York Post,Brandon Cruz,2025-05-05T23:53:24Z,214,94,2025-05-11 18:35:01
"Plantsulin Under Review: Insulin-Like Compound Discovered, Naturally Lowers Blood Sugar Levels",GlobeNewswire,Plantsulin,2025-05-05T23:53:00Z,215,260,2025-05-11 18:35:01
Trump’s Brain Drain at NASA Leaves the Agency Spaced Out - The Daily Beast,Slashdot.org,feedfeeder,2025-05-05T23:52:11Z,116,260,2025-05-11 18:35:01
RBI boosts its gold reserves over 6 months,The Times of India,TNN,2025-05-05T23:51:03Z,41,172,2025-05-11 18:35:01
TikTok has so warped our culture that PhDs are being asked to use dance to explain their thesis. And it's awesome [Amusing],Fark.com,,2025-05-05T23:50:09Z,213,113,2025-05-11 18:35:01
'Won't make it': Trump-voter begs him not to 'devastate' his business on CNN,Raw Story,Erik De La Garza,2025-05-05T23:49:48Z,214,260,2025-05-11 18:35:01
M1 scrap metal spill damage bill rises as drivers claim tyre repairs,ABC News (AU),Sarah Forster,2025-05-05T23:49:42Z,214,150,2025-05-11 18:35:01
Trump restricts funding for 'gain of function' research — calling it dangerous,NPR,Rob Stein,2025-05-05T23:49:19Z,214,198,2025-05-11 18:35:01
The best outfits celebrity couples wore to the 2025 Met Gala,Business Insider,"Gabbi Shaw,Samantha Grindell Pettyjohn,Anneta Konstantinides,Amanda Krause",2025-05-05T23:48:24Z,214,144,2025-05-11 18:35:01
Putin Ally Who Unveiled Tesla Cybertruck With Machine Gun Now Says Elon Musk 'Remotely Disabled' The Militarized EV,Yahoo Entertainment,Bibhu Pattnaik,2025-05-05T23:46:31Z,214,152,2025-05-11 18:35:01
Macron and von der Leyen invite scientists to Europe as US cancels diversity research,BusinessLine,AP- PTI,2025-05-05T23:46:00Z,214,103,2025-05-11 18:35:01
Can CE Technology Berhad's (KLSE:CETECH) Decent Financials Help Push Its Stock Prices Higher?,Yahoo Entertainment,editorial-team@simplywallst.com (Simply Wall St),2025-05-05T23:45:39Z,214,120,2025-05-11 18:35:01
Adani stocks jump on reports of plea to drop US charges,The Times of India,Agencies,2025-05-05T23:45:33Z,41,172,2025-05-11 18:35:01
"Sensex climbs to 80,797, highest in 2025, on FPI buying",The Times of India,Agencies,2025-05-05T23:44:59Z,41,172,2025-05-11 18:35:01
"Famous name aside, Alcatraz would make a terrible deportation jail",New York Post,Rich Lowry,2025-05-05T23:44:39Z,214,143,2025-05-11 18:35:01
Zendaya’s All-White Met Gala Look Could Be A Cheeky Wink At Her Engagement,HuffPost,Jazmin Tolliver,2025-05-05T23:44:27Z,214,50,2025-05-11 18:35:01
Barbie Toymaker Mattel Warns Tariffs May Force It To Raise Some Prices,Forbes,"Joan Verdon, Senior Contributor, 
 Joan Verdon, Senior Contributor
 https://www.forbes.com/sites/joanverdon/",2025-05-05T23:44:20Z,214,141,2025-05-11 18:35:01
Asia markets live: Stocks set to trade mixed,CNBC,Amala Balakrishner,2025-05-05T23:44:14Z,214,96,2025-05-11 18:35:01
Brisket burglary yields big blessing for Southwest side small business owner,KPRC Click2Houston,Deven Clarke,2025-05-05T23:44:04Z,214,202,2025-05-11 18:35:01
Nominate the Next EFF Award Honoree,EFF,Melissa Srago,2025-05-05T23:43:24Z,214,260,2025-05-11 18:35:01
Key Crypto Bill Imperiled By Trump Crypto Firm’s Deal With Emirati State-Owned Fund,Forbes,"Sara Dorn, Forbes Staff, 
 Sara Dorn, Forbes Staff
 https://www.forbes.com/sites/saradorn/",2025-05-05T23:42:20Z,214,65,2025-05-11 18:35:01
Willis leverages Moody’s flood data and analytics in its risk modeling suite,GlobeNewswire,Willis Towers Watson US LLC,2025-05-05T23:42:00Z,214,53,2025-05-11 18:35:01
19 states and D.C. sue Trump administration over HHS cuts,CBS News,CBS News,2025-05-05T23:42:00Z,57,167,2025-05-11 18:35:01
"ROSEN, TRUSTED INVESTOR COUNSEL, Encourages Everus Construction Group, Inc. Investors to Secure Counsel Before Important Deadline in Securities Class Action – ECG",GlobeNewswire,The Rosen Law Firm PA,2025-05-05T23:41:00Z,214,260,2025-05-11 18:35:01
招聘啟事｜Now新聞台誠聘以下職位,Yahoo Entertainment,,2025-05-05T23:40:00Z,213,260,2025-05-11 18:35:01
Datadog Acquires Eppo To Boost Product Analytics And Simplify AI Workflows,Benzinga,Akanksha Bakshi,2025-05-05T23:39:51Z,214,179,2025-05-11 18:35:01
Analyzing Modern Nvidia GPU Cores,Arxiv.org,,2025-05-05T23:38:56Z,213,260,2025-05-11 18:35:01
YUM Q1 Earnings Call: Digital Investments and Global Expansion Drive Mixed Results,Yahoo Entertainment,Petr Huřťák,2025-05-05T23:37:55Z,214,156,2025-05-11 18:35:01
Spindex Industries (SGX:564) Has Some Way To Go To Become A Multi-Bagger,Yahoo Entertainment,editorial-team@simplywallst.com (Simply Wall St),2025-05-05T23:37:45Z,214,122,2025-05-11 18:35:01
Just in: Trump Executive Order Slashes and Burns Gain-of-Function Research Around the Globe,Westernjournal.com,Randy Desoto,2025-05-05T23:37:00Z,214,126,2025-05-11 18:35:01
Aura Announces Q1 2025 Financial and Operational Results,Financial Post,GlobeNewswire,2025-05-05T23:36:16Z,214,260,2025-05-11 18:35:01
"Fairhope small business owners react to China trade war, possible impact",WKRG News 5,Chad Petri,2025-05-05T23:35:57Z,214,152,2025-05-11 18:35:01
New York’s SummerStage Cancels Kehlani Concert Amid ‘Concerns’ From Mayor Adams’ Office,Rolling Stone,Charisma Madarang,2025-05-05T23:35:46Z,214,143,2025-05-11 18:35:01
Palantir CEO Alex Karp touts 'warrior culture' as company boosts annual revenue outlook,Business Insider,jhornstein@insider.com (Julia Hornstein),2025-05-05T23:35:11Z,214,147,2025-05-11 18:35:01
AOC Reveals Why She Won't Seek Top House Oversight Role,Newsweek,Gabe Whisnant,2025-05-05T23:34:02Z,214,127,2025-05-11 18:35:01
"FLNC FINAL DEADLINE: ROSEN, NATIONAL TRIAL LAWYERS, Encourages Fluence Energy, Inc. Investors to Secure Counsel Before Important May 12 Deadline in Securities Class Action – FLNC",GlobeNewswire,The Rosen Law Firm PA,2025-05-05T23:34:00Z,214,260,2025-05-11 18:35:01
ABNB Q1 Earnings Call: Management Focuses on International Growth and Product Expansion Amid Mixed Regional Trends,Yahoo Entertainment,Radek Strnad,2025-05-05T23:33:26Z,214,160,2025-05-11 18:35:01
Senate Democrats Suddenly Oppose Crypto Bill on Eve of Vote,Breitbart News,"Sean Moran, Sean Moran",2025-05-05T23:32:45Z,214,260,2025-05-11 18:35:01
OpenAI says non-profit will remain in control after backlash,Biztoc.com,bbc.com,2025-05-05T23:31:29Z,213,260,2025-05-11 18:35:01
"Get 30% Bonus Points When You Transfer Citi Points Into Avios; Bargains On JetBlue, AA, Alaska, Iberia, And Airlink Flights",Dansdeals.com,Dan,2025-05-05T23:30:51Z,214,260,2025-05-11 18:35:01
Different types of mental health therapies,WWNY,7 News Staff,2025-05-05T23:30:42Z,213,129,2025-05-11 18:35:01
20 attorneys general ask federal judge to reverse deep cuts to US Health and Human Services,WABI,Associated Press,2025-05-05T23:30:40Z,214,260,2025-05-11 18:35:01
DKLS Industries Berhad (KLSE:DKLS) Strong Profits May Be Masking Some Underlying Issues,Yahoo Entertainment,editorial-team@simplywallst.com (Simply Wall St),2025-05-05T23:30:20Z,214,122,2025-05-11 18:35:01
"Robert Garcia Blasts Bill Haney’s “Lies” After Ramirez Fight: “Instead of Apologizing for the Type of Fight Your Son Did, He Ran, Ran, and Ran.”",Boxingnews24.com,KenWoods123,2025-05-05T23:30:12Z,214,260,2025-05-11 18:35:01
Waymo Plans To Double Robotaxi Production At Arizona Plant By End of 2026,Slashdot.org,BeauHD,2025-05-05T23:30:00Z,213,260,2025-05-11 18:35:01
From the creator of tariffs: Trump’s film tariff threatens Bollywood’s US run,The Times of India,Rajesh Naidu,2025-05-05T23:30:00Z,214,260,2025-05-11 18:35:01
Universities Rethink Identity Governance Amid Digital Transformation,iTnews,,2025-05-05T23:30:00Z,214,222,2025-05-11 18:35:01
UofL Health breaks ground on cancer center in Shepherdsville,WLKY Louisville,Megan Matthews,2025-05-05T23:29:28Z,214,169,2025-05-11 18:35:01
Angel Reese Is At the 2025 Met Gala Looking Gorgeous in Thom Browne,Cosmopolitan.com,Mehera  Bonner,2025-05-05T23:29:00Z,213,99,2025-05-11 18:35:01
Rina Sawayama To Reprise Her Role For John Wick Caine Spin-Off Film,Bleeding Cool News,Kaitlyn Booth,2025-05-05T23:28:07Z,214,260,2025-05-11 18:35:01
"Rite Aid Files for Bankruptcy, Job Cuts Expected",pymnts.com,PYMNTS,2025-05-05T23:28:05Z,214,260,2025-05-11 18:35:01
Yankees’ Gerrit Cole hopes to throw in August as Tommy John rehab progresses: ‘I miss playing’,New York Daily News,Gary Phillips,2025-05-05T23:28:00Z,214,260,2025-05-11 18:35:01
Crafting Calm: Neurosync Branding and Visual Identity,Abduzeedo.com,abduzeedo,2025-05-05T23:27:39Z,214,260,2025-05-11 18:35:01
Bill Belichick’s kids ‘want the best’ for him amid concerns over relationship with Jordon Hudson,New York Post,Christian Arnold,2025-05-05T23:27:31Z,214,194,2025-05-11 18:35:01
"iPhone 18 Pro under-display Face ID now in testing, rumor claims",GSMArena.com,Vlad,2025-05-05T23:27:01Z,214,260,2025-05-11 18:35:01
XMPro MAGS 1.5: Agentic AI for Industry with MCP & A2A Integration,GlobeNewswire,XMPro,2025-05-05T23:27:00Z,214,146,2025-05-11 18:35:01
"Hochul to drain reserves for pro-labor, pro-business last-minute budget move",New York Post,Vaughn Golden,2025-05-05T23:26:19Z,214,214,2025-05-11 18:35:01
Keeping my 12-year-old safe from 'sus' online content: Why a smartwatch makes more sense than a smartphone,CNA,,2025-05-05T23:26:09Z,214,142,2025-05-11 18:35:01
"Stock market today: Dow, S&P 500, Nasdaq futures slide ahead of Fed meeting as Trump hints at pharma tariffs",Yahoo Entertainment,Amalya Dubrovsky,2025-05-05T23:25:27Z,214,104,2025-05-11 18:35:01
‘All It Takes Is One Grain Of This Junk To Kill You’: Pam Bondi Explains How China’s Most Lethal Export Enters US,The Daily Caller,Mariane Angela,2025-05-05T23:25:27Z,214,110,2025-05-11 18:35:01
Is Sugar Really 'Poison'?,Psychology Today,Mark S. Gold M.D.,2025-05-05T23:25:10Z,214,82,2025-05-11 18:35:01
"Ford sees US$1.5 billion tariff hit this year, suspends 2025 forecast",CNA,,2025-05-05T23:24:37Z,214,260,2025-05-11 18:35:01
Golden Bachelorette’s Pascal Ibgui Explains Kelly Bensimon ‘Turn Off’,Us Weekly,Stephanie Kaloi,2025-05-05T23:24:28Z,214,260,2025-05-11 18:35:01
Halle Berry Makes a Sheer Statement in LaQuan Smith Dress on the Met Gala 2025 Red Carpet,WWD,Renan Botelho,2025-05-05T23:23:49Z,214,129,2025-05-11 18:35:01
Rihanna Reveals Pregnancy,The Daily Caller,Leena Nasir,2025-05-05T23:23:28Z,214,94,2025-05-11 18:35:01
"Citigroup CEO: US Businesses Delay Investments, Hiring Amid ‘Limbo’ of Tariff Uncertainty",pymnts.com,PYMNTS,2025-05-05T23:22:57Z,214,260,2025-05-11 18:35:01
Pete Hegseth Conducted Pentagon Business on ‘At Least a Dozen Separate’ Signal Chats: Report,Mediaite,Charlie Nash,2025-05-05T23:21:41Z,214,260,2025-05-11 18:35:01
Aura Announces Confidential Submission Of Draft Registration Statement For Proposed U.S. Public Offering,Financial Post,GlobeNewswire,2025-05-05T23:20:59Z,214,260,2025-05-11 18:35:01
Lutnick skeptical of cutting a deal with Canada's 'socialist regime',Biztoc.com,thehill.com,2025-05-05T23:20:05Z,213,260,2025-05-11 18:35:01
Tourism officials wary of Vietnam,Bangkok Post,Molpasorn Shoowong,2025-05-05T23:20:00Z,214,260,2025-05-11 18:35:01
"Meta AI brings more privacy risks than ChatGPT and Gemini, building a Memory file including the user's sensitive personal info, like fertility and payday loans",Biztoc.com,washingtonpost.com,2025-05-05T23:20:00Z,214,0,2025-05-11 18:35:01
Canada's Carney Arrives in US to Meet With Trump,Biztoc.com,youtube.com,2025-05-05T23:19:58Z,213,260,2025-05-11 18:35:01
Sabrina Carpenter leaves pants at home for Met Gala 2025,Page Six,Emma Aerin Becker,2025-05-05T23:19:43Z,214,82,2025-05-11 18:35:01
California Tourism Expected to Fall for the 1st Time Since the Pandemic,KQED,Adhiti Bandlamudi,2025-05-05T23:19:28Z,214,188,2025-05-11 18:35:01
What Warren Buffett’s Exit as CEO Means for Berkshire Hathaway,Financial Post,Bloomberg News,2025-05-05T23:18:53Z,214,129,2025-05-11 18:35:01
"Ford Pulls Outlook, Sees $1.5 Billion Hit From Trump Tariffs",Financial Post,Bloomberg News,2025-05-05T23:18:38Z,214,188,2025-05-11 18:35:01
'Must resist': Ex-employees blast Trump-aligned firm amid 'increasingly violent rhetoric',Raw Story,Daniel Hampton,2025-05-05T23:18:00Z,214,260,2025-05-11 18:35:01
How Indian Colleges Casually Violate Human Rights,Github.io,Agnishom  Chattopadhyay,2025-05-05T23:17:29Z,214,59,2025-05-11 18:35:01
The people refusing to use AI,BBC News,Suzanne Bearne,2025-05-05T23:16:41Z,214,95,2025-05-11 18:35:01
The people refusing to use AI,BBC News,,2025-05-05T23:16:41Z,214,95,2025-05-11 18:35:01
Charlie Woods missing from golf scene as sister Sam Woods wins Florida State title,Marca,LW,2025-05-05T23:16:22Z,214,178,2025-05-11 18:35:01
Sabrina Carpenter and Barry Keoghan Reunite at the 2025 Met Gala,Cosmopolitan.com,Mehera  Bonner,2025-05-05T23:16:00Z,214,80,2025-05-11 18:35:01
Aura Announces Confidential Submission Of Draft Registration Statement For Proposed U.S. Public Offering,GlobeNewswire,Aura Minerals Inc,2025-05-05T23:16:00Z,214,110,2025-05-11 18:35:01
"Look for Cole Escola’s Mary Todd Lincoln play ‘Oh, Mary!’ to sweep the Tony Awards",New York Post,Cindy Adams,2025-05-05T23:15:52Z,214,127,2025-05-11 18:35:01
"Inspirato to Announce First Quarter 2025 Financial Results on Wednesday, May 7, 2025",GlobeNewswire,Inspirato Incorporated,2025-05-05T23:15:00Z,214,147,2025-05-11 18:35:01
Beloved Florida indie bookstore faces backlash after removal of LGBTQ titles,NBC News,Dakota Parks,2025-05-05T23:13:55Z,215,154,2025-05-11 18:35:01
Claims Process Concluded in City of Leduc Workplace Harassment Class Action Lawsuit,Financial Post,Business Wire,2025-05-05T23:13:53Z,214,260,2025-05-11 18:35:01
Stock futures are little changed as Wall Street looks to Fed policy meeting: Live updates - CNBC,Slashdot.org,feedfeeder,2025-05-05T23:12:48Z,116,260,2025-05-11 18:35:01
"Group empowers 100 youths with tech, business skills in Ogun community",The Punch,Makua Ubanagu,2025-05-03T23:59:36Z,214,260,2025-05-11 18:35:01
DOJ sues the nation’s largest health insurers’ alleging ‘unlawful kickbacks’ - NewsBreak,Newsbreak.com,Kalé Carey,2025-05-03T23:59:15Z,214,142,2025-05-11 18:35:01
Cory Sandhagen Prompts Injury Stoppage on Deiveson Figueiredo Atop UFC on ESPN 67,Sherdog.com,bknapp@sherdog.com (Brian Knapp),2025-05-03T23:57:12Z,214,144,2025-05-11 18:35:01
"Cory Sandhagen, Knee Injury Stops Deiveson Figueiredo Atop UFC on ESPN 67",Sherdog.com,bknapp@sherdog.com (Brian Knapp),2025-05-03T23:57:12Z,214,144,2025-05-11 18:35:01
6 big things investors learned from Warren Buffett at this year's Berkshire shareholder meeting,Biztoc.com,cnbc.com,2025-05-03T23:55:29Z,213,260,2025-05-11 18:35:01
Trump wants $1 trillion for defense while slashing child care and health programs - NewsBreak,Newsbreak.com,Lisa Mascaro And Josh Boak & Yelena Mandenberg,2025-05-03T23:53:55Z,214,155,2025-05-11 18:35:01
"For America's European allies, Trump's first 100 days a time of reckoning, backlash",CBS News,Elizabeth  Palmer,2025-05-03T23:50:00Z,214,151,2025-05-11 18:35:01
Trump wants $1 trillion for defense while slashing child care and health programs - NewsBreak,Newsbreak.com,Lisa Mascaro And Josh Boak & Yelena Mandenberg,2025-05-03T23:49:44Z,214,155,2025-05-11 18:35:01
Fired Kohl’s CEO Said to Have Had History of Mixing Relationship With Work,Livemint,list.metadata.agency,2025-05-03T23:49:08Z,214,153,2025-05-11 18:35:01
"I've visited 21 cities and villages in Italy. There are 4 places I can't wait to return to, and 2 I'd leave off my itinerary next time.",Business Insider,Alison Van Glad,2025-05-03T23:48:01Z,214,143,2025-05-11 18:35:01
James Milliken Chosen as Next University of California President,KQED,Attila Pelit,2025-05-03T23:47:36Z,214,99,2025-05-11 18:35:01
Teen mental health: When to seek help and what parents can do,BBC News,,2025-05-03T23:46:49Z,214,136,2025-05-11 18:35:01
Plane Makes Emergency Landing At Iconic Golf Course,The Daily Caller,Melanie Wilcox,2025-05-03T23:46:42Z,214,162,2025-05-11 18:35:01
Jim Jones Tells Fiancée Chrissy Lampkins He’d Drink Her ‘Bath Water’ in Flirty Comment,Complex,Jaelani Turner-Williams,2025-05-03T23:46:09Z,214,69,2025-05-11 18:35:01
DOJ sues the nation’s largest health insurers’ alleging ‘unlawful kickbacks’ - NewsBreak,Newsbreak.com,Kalé Carey,2025-05-03T23:43:00Z,214,142,2025-05-11 18:35:01
Driverless Trucks Are Now Rolling Down Texas Highways,Breitbart News,"Lucas Nolan, Lucas Nolan",2025-05-03T23:42:03Z,214,260,2025-05-11 18:35:01
Toby Keith’s Horse Raced in the Kentucky Derby: How Did Render Judgment Do?,Rolling Stone,Joseph Hudak,2025-05-03T23:39:02Z,214,144,2025-05-11 18:35:01
Explore Google AI Mode Updates: Boost Your Marketing Today,Aiseopodcast.com,,2025-05-03T23:38:32Z,214,128,2025-05-11 18:35:01
Selena Gomez Makes a Surprise Appearance at Rare Beauty Mental Health Summit,Just Jared,Just Jared,2025-05-03T23:38:17Z,214,260,2025-05-11 18:35:01
May Rookie Idol Group Brand Reputation Rankings Announced,soompi,eclipse01,2025-05-03T23:38:06Z,214,260,2025-05-11 18:35:01
Next-gen air defence: India moves to acquire infrared-guided VSHORADS,BusinessLine,PTI,2025-05-03T23:35:06Z,214,260,2025-05-11 18:35:01
"Hyatt’s Business Card Offer Comes With Mid-Tier Elite Status And 60,000 Points—But Globalist Chasers Will Want It For A Bigger Reason",Viewfromthewing.com,Gary Leff,2025-05-03T23:34:43Z,214,260,2025-05-11 18:35:01
‘CBS News Got It Wrong’ Says HHS in Refuting Mass Firing Report: ‘No CDC Employee Was Terminated’,Mediaite,Caleb Howe,2025-05-03T23:33:19Z,214,260,2025-05-11 18:35:01
Lady Gaga fans flock to Copacabana for free concert,DW (English),Srinivas Mazumdaru,2025-05-03T23:33:00Z,214,150,2025-05-11 18:35:01
KunstlerCast 423 — Dr. Meryl Nass on the Echoes of Covid and Medicine's Nervous Breakdown,Kunstler.com,James Howard Kunstler,2025-05-03T23:31:11Z,213,170,2025-05-11 18:35:01
Uber now accepts cash for fares outside London,BBC News,Kevin Peachey,2025-05-03T23:30:59Z,213,104,2025-05-11 18:35:01
Digital powerhouse Uber now accepts cash for fares,BBC News,,2025-05-03T23:30:59Z,214,104,2025-05-11 18:35:01
"Op-Ed: First Canada, now Australia – Anti-Trump backlash continues",Digital Journal,Paul Wallis,2025-05-03T23:30:45Z,214,190,2025-05-11 18:35:01
Indianapolis International Airport begins nonstop flights to Ireland,WISHTV.com,Jay Adkins,2025-05-03T23:30:37Z,214,135,2025-05-11 18:35:01
Canadian judge orders mental health assessment for suspect in Vancouver festival attack,Justthenews.com,Nicholas Ballasy,2025-05-03T23:30:33Z,213,102,2025-05-11 18:35:01
"Analyst Says Bitcoin’s Most Crucial Support Level Is At $91,200 — What’s Next?",newsBTC,Opeyemi Sule,2025-05-03T23:30:32Z,214,260,2025-05-11 18:35:01
8Bitdo Pro 2 Wired Controller w/ Hall Effect Joysticks/Triggers for Xbox/Windows $23.30,Slickdeals.net,BBQchicken,2025-05-03T23:30:25Z,213,169,2025-05-11 18:35:01
Origami in Industrial Design: Unlocking the Art of Precision,Yanko Design,Pooja Khanna Tyagi,2025-05-03T23:30:09Z,214,225,2025-05-11 18:35:01
66-Mile 2022 Dodge Challenger SRT Super Stock,Bringatrailer.com,bringatrailer,2025-05-03T23:30:04Z,214,260,2025-05-11 18:35:01
"SpaceX Workers Set to Approve Creation Of ‘Starbase,’ A Musk-Inspired Town In South Texas",The Daily Caller,Melanie Wilcox,2025-05-03T23:29:29Z,214,171,2025-05-11 18:35:01
1600 Academics Reject UK’s Ruling That Females Are Defined by Their Biology,Freerepublic.com,Independent Sentinel,2025-05-03T23:28:16Z,214,260,2025-05-11 18:35:01
Florida homeowner finds 98 iguana eggs in backyard: 'It’s the most we’ve ever removed from one site',Fox News,Jasmine Baehr,2025-05-03T23:28:06Z,214,153,2025-05-11 18:35:01
Your Next AI Chat Could Include Ads Thanks to Google,Android Headlines,Jean Leon,2025-05-03T23:26:40Z,214,120,2025-05-11 18:35:01
Europe marks VE Day with Trump on its mind,BBC News,,2025-05-03T23:26:31Z,215,134,2025-05-11 18:35:01
"CIA's top doctor is suing the agency over her firing, lawsuit says",NBC News,Dan De Luce,2025-05-03T23:26:11Z,214,206,2025-05-11 18:35:01
AI-generated Churchill reminds Starmer who crushed Nazi Germany in WW2 (VIDEO),RT,RT,2025-05-03T23:25:05Z,214,152,2025-05-11 18:35:01
Community Did One Thing Better Than Any Other TV Comedy,ComicBook.com,Michael Hein,2025-05-03T23:24:43Z,214,260,2025-05-11 18:35:01
Warren Buffett to retire from Berkshire Hathaway by year's end,The Japan Times,The Japan Times,2025-05-03T23:23:00Z,213,90,2025-05-11 18:35:01
Nvidia and Anthropic Clash over AI Chip Exports to China,Breitbart News,"Lucas Nolan, Lucas Nolan",2025-05-03T23:17:54Z,214,260,2025-05-11 18:35:01
"Truth, Myth or Both? Getting History Right in Battle of Britain",Freerepublic.com,Steyn Online,2025-05-03T23:15:57Z,214,260,2025-05-11 18:35:01
Will you buy any of the new Onyx Boox e-readers they announced?,Goodereader,Michael Kozlowski,2025-05-03T23:15:07Z,214,216,2025-05-11 18:35:01
Alberta NDP ending automatic membership in federal party,CBC News,,2025-05-03T23:14:51Z,214,187,2025-05-11 18:35:01
'Reckless': US stiffs Marin schools on $14.5M in mental health grants,Marin Independent Journal,Keri Brenner,2025-05-03T23:13:53Z,214,119,2025-05-11 18:35:01
Warren Buffett: ‘The Oracle of Omaha’ says he will retire from Berkshire Hathaway by year’s end,New Zealand Herald,Jonathan Brown,2025-05-03T23:13:19Z,214,63,2025-05-11 18:35:01
Scientists question NIH project’s use of 20th century technology to make a universal flu vaccine - statnews.com,Slashdot.org,feedfeeder,2025-05-03T23:12:12Z,116,260,2025-05-11 18:35:01
PM Wong’s PAP scores landslide victory in Singapore general election,BusinessLine,PTI,2025-05-03T23:08:49Z,214,177,2025-05-11 18:35:01
Joint Veterans and Valley Health Partners team up for Veteran Outreach Day,WFMZ Allentown,69 News,2025-05-03T23:07:01Z,213,109,2025-05-11 18:35:01
Children's Ombudsman hugely concerned over use of AI 'nudify' apps on images of underage girls,TheJournal.ie,Stephen McDermott,2025-05-03T23:05:47Z,214,91,2025-05-11 18:35:01
Health benefits of socialising (2),The Punch,Olufunke,2025-05-03T23:05:12Z,214,120,2025-05-11 18:35:01
NFR partners with IIT Guwahati to combat moss on bridges,Thehillstimes.in,The Hills Times,2025-05-03T23:05:00Z,214,260,2025-05-11 18:35:01
Warren Buffett Announces Plan to Retire,WebProNews,Matt Milano,2025-05-03T23:04:04Z,214,153,2025-05-11 18:35:01
호주 총선 집권 노동당 승리 21년 만에 첫 연임 총리,Tistory.com,T.B,2025-05-03T23:02:12Z,214,260,2025-05-11 18:35:01
Government’s tech reform to transform cancer diagnosis,Www.gov.uk,Department of Health and Social Care,2025-05-03T23:01:01Z,214,128,2025-05-11 18:35:01
Israeli pilots' protest letter reveals deepening rift over ongoing war in Gaza,Sky.com,Nicole Johnston,2025-05-03T23:01:00Z,214,75,2025-05-11 18:35:01
Acknowledging the silent grief of vanishing twin syndrome [PODCAST],Kevinmd.com,The Podcast by KevinMD,2025-05-03T23:00:58Z,215,260,2025-05-11 18:35:01
Trump Pushes $1 Trillion Pentagon Budget,The Daily Caller,Melanie Wilcox,2025-05-03T23:00:39Z,214,247,2025-05-11 18:35:01
How to watch Canelo vs. Scull: Live stream the full fight card anywhere,Business Insider,insider@insider.com (Lillian Brown),2025-05-03T23:00:02Z,214,106,2025-05-11 18:35:01
The Trade War Is Already Hurting Oil Demand,OilPrice.com,Tsvetana Paraskova,2025-05-03T23:00:00Z,214,260,2025-05-11 18:35:01
More than a food court: Time Out Market curates Osaka’s best flavors,The Japan Times,Melinda Joe,2025-05-03T23:00:00Z,214,179,2025-05-11 18:35:01
Selangor needs RM1bil to boost padi output,The Star Online,The Star Online,2025-05-03T23:00:00Z,214,171,2025-05-11 18:35:01
Kosovo president visits Pak Lah’s grave,The Star Online,The Star Online,2025-05-03T23:00:00Z,214,238,2025-05-11 18:35:01
How To Be More Creative,Teachthought.com,TeachThought Staff,2025-05-03T23:00:00Z,215,151,2025-05-11 18:35:01
Lost boys of the government,The Star Online,Mergawati Zulfakar,2025-05-03T23:00:00Z,214,199,2025-05-11 18:35:01
Bikini-clad Nicole Scherzinger shows off her fit figure in glamorous photo shoot,Page Six,Audrey Rock,2025-05-03T22:58:37Z,214,86,2025-05-11 18:35:01
"Musrara Mix: Covering artistic, philosophical, and social divides",The Jerusalem Post,BY BARRY DAVIS,2025-05-03T22:57:53Z,215,163,2025-05-11 18:35:01
At a glance: Hearts of Pine vs. One Knoxville,Press Herald,Steve Craig,2025-05-03T22:56:00Z,214,260,2025-05-11 18:35:01
Going to a Hearts of Pine game? Here's what to expect,Press Herald,Steve Craig,2025-05-03T22:56:00Z,214,260,2025-05-11 18:35:01
Sensor Tower: Temu cut US digital ad spending by an estimated 31% and Shein by 19% in the two week period from March 31 as the de minimis exemption is closed (New York Times),Mediagazer.com,,2025-05-03T22:55:01Z,213,260,2025-05-11 18:35:01
"Finessa Warm Water Hack Reviewed: The Clean Gut Restoration Switch for Weight Loss, Liver & Digestive Support",GlobeNewswire,Finessa,2025-05-03T22:51:00Z,215,260,2025-05-11 18:35:01
The science of keeping people with Parkinson’s moving,ksltv.com,Peter Rosen,2025-05-03T22:50:47Z,214,129,2025-05-11 18:35:01
"At Warren Buffett’s Final Annual Meeting, He Remains Bullish On America",Forbes,"Hank Tucker, Forbes Staff, 
 Hank Tucker, Forbes Staff
 https://www.forbes.com/sites/hanktucker/",2025-05-03T22:50:15Z,214,152,2025-05-11 18:35:01
Japanese Speaker Nikita Fukushiro to lead 45-member delegation to Assam,Thehillstimes.in,The Hills Times,2025-05-03T22:50:00Z,214,260,2025-05-11 18:35:01
IQ Blast Pro Under Review: Can This Hidden Household Toxin Really Triple Your Memory Loss?,GlobeNewswire,IQ Blast Pro,2025-05-03T22:49:00Z,215,260,2025-05-11 18:35:01
"Your Brain Craves Beauty, Here’s Why",Theepochtimes.com,Makai Allbert,2025-05-03T22:46:56Z,215,64,2025-05-11 18:35:01
Bell Potter names the best ASX 200 stocks to buy in May,Motley Fool Australia,James Mickleboro,2025-05-03T22:45:00Z,214,186,2025-05-11 18:35:01
"Warren Buffett to step down as Berkshire CEO, taps Greg Abel as successor",BusinessLine,AP- PTI,2025-05-03T22:43:36Z,214,225,2025-05-11 18:35:01
"AI-Driven Robot Installs Nearly 10,000 Solar Modules in Australia",Slashdot.org,EditorDavid,2025-05-03T22:43:00Z,214,260,2025-05-11 18:35:01
AI-generated image of Trump as the pope draws criticism ahead of papal conclave,PBS,"Nicole Winfield, Associated Press, Jill Colvin, Associated Press",2025-05-03T22:42:57Z,214,260,2025-05-11 18:35:01
Researchers exploring how to preserve Australia's historic shipwrecks,ABC News (AU),Jasmine Hines,2025-05-03T22:41:45Z,214,181,2025-05-11 18:35:01
Woman Missing for 60 Years Found Alive,Newsweek,Hollie Silverman,2025-05-03T22:40:41Z,214,118,2025-05-11 18:35:01
"Pronouns won’t kill anyone, unlike Republican public health policy",Substack.com,Substack,2025-05-03T22:40:09Z,0,98,2025-05-11 18:35:01
Two years of Manipur conflict: Thousands wait to go home,Thehillstimes.in,The Hills Times,2025-05-03T22:40:00Z,214,260,2025-05-11 18:35:01
Cyclepath expanding into historic Fat Tire Farm bike shop location,Bikeportland.org,Jonathan Maus (Publisher/Editor),2025-05-03T22:39:19Z,214,94,2025-05-11 18:35:01
Court mulls Thaksin's fishy stretch,Bangkok Post,Aekarach Sattaburuth,2025-05-03T22:39:00Z,214,212,2025-05-11 18:35:01
President Droupadi Murmu pushes for legal empowerment of panchayats to settle disputes,Thehillstimes.in,The Hills Times,2025-05-03T22:35:00Z,214,260,2025-05-11 18:35:01
Warren Buffett says he’s stepping down at the end of the year,WSB Atlanta,Josh Funk,2025-05-03T22:34:29Z,214,82,2025-05-11 18:35:01
"GE2025 results: A lookback, in numbers",CNA,Channel News Asia,2025-05-03T22:33:13Z,215,169,2025-05-11 18:35:01
Sea Dogs shut out by Fisher Cats,Kennebec Journal & Morning Sentinel,Scott Martin,2025-05-03T22:33:00Z,214,260,2025-05-11 18:35:01
Trump Backlash Helps Australia’s Leader to Historic Re-Election,Financial Post,Bloomberg News,2025-05-03T22:30:57Z,214,158,2025-05-11 18:35:01
"Girl left Milwaukee mental health facility, trafficked, family says",fox6now.com,Fox6 News Digital Team,2025-05-03T22:30:39Z,214,125,2025-05-11 18:35:01
'I will not do it again': Marjorie Taylor Greene threatens to withhold her vote from Trump,Raw Story,David McAfee,2025-05-03T22:30:10Z,214,260,2025-05-11 18:35:01
Vintage flashlight brings modern twist to make it functional and aesthetic,Yanko Design,Ida Torres,2025-05-03T22:30:00Z,214,219,2025-05-11 18:35:01
"North Korea's Kim visits tank factory, touts progress in Korean-style tanks",The Star Online,The Star Online,2025-05-03T22:28:00Z,214,215,2025-05-11 18:35:01
